PK   bb継カ齄Z  3     [Content_Types].xml瑩MN?咓=呭-J懿@%韨?tQ`霫c毡-廩诔编H\両HAUiU睭E筠?/o锱l踃秮埰粧O?g鄶灼-Kx犬9?潠?(?愊Γb?€寙柤N)?仾咶b?8鶵菵痲)俆+?q9_	錧棽詊痖堁U<Q坔4肮岄Q6?禫$拕?蒊敵踾?Pr?J&J/6N参|U讷uC唝'v血埫畼v餷?て 56顴鰓P傻M靱K@?D皒?控?賮磊??晋竮駘踹怹Xy#?渀_;h?
*临)犦€?拕??@鮨)t鸈?物璋3?覲>麻8綤訬颽P堫嚐~   PK   bb継①.?   ^     _rels/.rels寬MN?咓=?鹒?!剴tS!u嘝8繾O~斈c?页编H\矦	趜7炵骶斫赝莹^貒^l	?臯嬮m[耤}肪"YC.崛v摘x鄳bz恨昄l(演"蓠D!?u?臫?閬Z苖瀇??認コ0VS??P跹ヴ??芥借鐗m?y巐浀?星>M??岃鹴悳?;?錢蠉G2	祒>酯8K倒滉枈??緤濪唎?Ⅹ   PK
       ! /  /     [trash]/0000.dat                                                                                                                                                                                                                                                                                                           PK   卋継%躷‰   ?     xl/_rels/workbook.xml.rels瑧Mj?咓9厴}=v
?速凚杜=€惽?臇刦捴g擘G?*\H(?Z?艮'妥莋箉烣uと僿?E晰fp潌媞??31l猆鵅t圎!癑&???憁O撫?ri寅8I2v屳泿p濈{@礡閈玗?顨{P?R 叨儱噳滭憙,髽;?:K爛0琽?閮鑼癏\jqじ%葲弡顗?sj1.?Q?K   PK   卋継Q}  72     xl/theme/theme1.xml靃OoE亏S岞N'N歍uQ碡-础Ul妟踓??4;N???.H? ??P膰	A戲xov邹Y蟴H?柴渭呒锿禚鴹弋箭∠??q?,凜/7滣{澐?K)謕?v蘧z??]?銩|?W疏蚴J<€??F,€盦(|*岖?=X煰畁?PPo廎迉?B:W/鴇+??d溰MG\tq!ρ8?€0墀烷捇陗<峓\???{霤?Nc	gU}?濟蕣栣襳欆?-? ?Y觵I%屌?ブ﹐_?A?鋳肼=d惠n祂&H.? I癠?驕?[郸慡#?喊阒昶j}	tb絕韋彻眒RF聈b]瘑轟莠_[+?@虪7胪kf9tb結莨唇Y_]€ h梴羱50哶赓  埃愡癈?洵U?汽,仗橵??~(:a 玟?末?"??淞觖拢E頡7g47礵?疄3vH<^$位?<g狲慎荗~"荗=x|羿纾?>z餭蒵?岓H暇煰?"敉硣_X膟€?~鱛?筏勳=忾棌閃燓踺C鷎傱篝=蟝1y?捊??闌j]z?/	裺┃APV穀?]嶒?錠凪飚€jhEy}r_摲電夢l樈辁錸騠(煸|偎Y?	茤鼕I瀙徱+v[4屑?墵?R?Z.覦矫i 闃L?砆?嫌旎?D?I顈=;坯季%s??3礡$xゝ佪护r+U畎?2?
?甕?滺闧-冢>??暜暊荸?郾'3掱惻?萴Z往隡
e饰cw譏咊霏V紼?O?罘\闓V腯/p竽锬???齨ㄧ?B{O诫1蚐_ 匡?)嫖?a鉼譟▍ow蔊??lJ???<W?hJ?? r蛽杋※?鎒;€k袉Ye?吅oM?;t躠恆,zb彌倅?/鯵鴊譼+6弁?麊蠛{?z?~睈c迩2?谭柧?寥慵+輮蚲1鬘?虤胓迯WXJ澒操)`渎科??Aけ爅)"B鶃'莓K#菮德蒵?R腇镜$
c8R-蒑5
b;Ｂ+??29屋溃#擊y姅*7&t際WI?焣Y?N鐜?k忋D-肴痖╢龗厔gH55慈)棣μ`鐸τ芷蔬N續?6?豖責B竛??擡寿?橞L~褧_鏻籺纫t€Nd捑庐5??O喇i糴? 彠S椣閒e?褠^昻|怶N鼸昪揑N纐^*!蚟?pぜQ淋,韆x@析期咰4j8#x??$?弸(皿鐏%?諼液d翆吃s酈3礃?娞界c凼~癙畒3清ap5ゲ賸D,wh?镸槟?苾E箷k噜哯ぬ€秸┥烤殇%?鍬縛?H髉&?嫯ネ)mT襓酓2製噰は'b廈绖z1<朤~仐1蠸諓??擓wHQ?鍛K訊杁S堘造7Y态湀揻r洤釘D蒄螄暀1t3.?6?1?莐檷Tp&lT晘3酾?揗:稱?陫E?忤貶Y{x?\?瘙紶&(敛踦B!?I"?t鼣t+欮@u惓嗟2爡?┇`x-﹥??墒K欍?K顈c"<伧IW0v??_喎Z簛0[尢Ｊ壦4寧U?颽貌?%q持7氮ui?.d_嗟?芐弗醣簘1锭Q?逋绑溦%?}??=%譶?偿駬判L輋挺Y炚%鼥C)8L+鴍阺mAR戍1f?[f脲6/?蚃Fv4z猍~w[郯1唺靥蝈>傆受-[?h/麫D痱
?癢瞿€goK'艨0黛絧趜o:?怉?綍3l畵泒8$Ln栬y脜%S\繎鐖髉\獨稼嫏
蝶
2诈茣誕)*滉&C併?辎鱡?q??V山?敶?帘贀荄YxK齎C%?爝囂??O笇S??BP(_]曂 列尻?   PK    u咊@眑??  ?   2 docProps/app.xml
      NU& NUCX d o c P r o p s \ a p p . x m l 漇薾???记敀?夾岽琛E豂?挡圥$An豢諧?┛P阨7U挗<?酸頯荗v蒋u襽蕷渄嫈$`?斮邃v?I
Sm滗 乗蟪7l憝?B%L菼呰枖YA-??2ヵ道x?j薘I副虮凈"M逺??妔7	抆q汆?V洱吇砹E截o{餃VR`湑Q役`KL>?hFO伞>妌@>z??zz*6RhX脓x)t F徖P?Dk鎆(\6 漾$沿捾? m?i刉?9?]戛'倘j畜o?? ?鳧??陫g滰茳搇w銕拘c豓鸬\?簳澓胀7鏤?u"泆b?厥諲?gt?膅e颅圳?嗋Op孞%<1CST&`孞溒膂瞠f臱?q鬩wyv礖/哟笋埮oJ??PK    u咊@鸿$来  ?   , xl/styles.xml
      NU  NUCX x l \ s t y l e s . x m l 璗Kn?????磪旍d?@\燵Z??葢a?Y?笰o榆#攅S縳Q燴吞??欈淼";p^Z撗逭?0?覕^]~#7?k ?xzw{?踟(x? 	苂t媂齞嚏[熊_?L@
?菒簰綸?K?44饝馥?鐸nk僡朣9B凕P?d荱鑌R6舝#F仏j?[飨奂｀Z隝骛伶態Kc莰%e儊荒G桼╄2?蠺ㄢ堗?@?瘺*?酅Β沲芖:?撾髷]}l?崆?p犂貼:Yn鏤凑眻V鲜B蛞儚&8?攝n徇?麄榋?迡寙k褳?踦;?aQl?T鼜bd_|?<qF3猡?}lo壣
?k.*墋飇袎|瀳?乁@羕呺f磸@萙'彪I?机鸽鷔PJY輣PK    u咊@lfT`  z   0 xl/workbook.xml
      NU$ NUCX x l \ w o r k b o o k . x m l 崙_k?胚?!锍m????涕s周赻殧$碟韜W渰Z_抯慢輠n撑盫? 諭殞bJ@FH剿殓nJ夡\畬啘灷雅&雽???魍,奬QA洼?狇?舵ポE绤? |?菗ㄦR?af?e)x4E[凍g??庯*?姵R*販s?o计閺?艥覂萯娨tpe囟筼リ?觝 乄?蹆]Yy嗯	稦墍挿石q稹+?elr!粽	濢1?9n?λ)K馟?曕?b+叝蠭??洚?澠I|?齧梾誣5補7??o)B,;搙盞扅鈄a矀?W?1朻e?鮻藁~5<纙@q邕PK    u咊@琫4C   ?   B xl/worksheets/sheet1.xml
      NU6 NUCX x l \ w o r k s h e e t s \ s h e e t 1 . x m l 崙MO?嗭H鼑葁?4@S?i氞€匄篻FK??鼂覗r瞋蹚^;抨軾駟!?滩鷬j銢^?g?"+_+KK镮q牥?"婦鸨剸筟H?潑u鑃ESp奡粈?啘曠y~)?F?鼑AZ?譚?z!?鼎嫄虊魥冥巭-P梡39??馣
V?碭1珠& 鷀稤痪x棨?%癋蝔瘘D峑??裔M觬?9Y+VG瞢?匛濟箪
Dg嚇???1摏??C焆€蠨<%=綈?[~PK     ! 礂1P'  .     docProps/core.xml_K?胚緾蓒浽列襢蕿+連r??$裯咿4蓐喚	y?'繙{o节??绁?*?熊┗蕉朦e>0-Xo44? 鮑蚼艒僩g,?羐懁}舖僾!?c蟱牁/Gqk渂!^]???|C?+L袄?添LDGむ3襼?切?<.?x8?|悢3醏cO歉鏻?qv锝湇??艌鵎豇抁庭g?裐饖;`?簯Z?馶坆?@d慯MYN蔲q挟敁患\秳T榧彫嬿鉶SA磐m?? ?觨    PK-      ! カ齄Z  3                   [Content_Types].xmlPK-      ! ①.?   ^               ?  _rels/.relsPK- 
       ! /  /               ?  [trash]/0000.datPK-      ! %躷‰   ?                 xl/_rels/workbook.xml.relsPK-      ! Q}  72               3  xl/theme/theme1.xmlPK-       ! 眑??  ?               f  docProps/app.xmlPK-       ! 鸿$来  ?               j  xl/styles.xmlPK-       ! lfT`  z               u  xl/workbook.xmlPK-       ! 琫4C   ?               2  xl/worksheets/sheet1.xmlPK-      ! 礂1P'  .               ?  docProps/core.xmlPK    
 
 |       